-- phpMyAdmin SQL Dump
-- version 5.0.4
-- https://www.phpmyadmin.net/
--
-- Servidor: 127.0.0.1
-- Tiempo de generación: 16-06-2021 a las 23:58:17
-- Versión del servidor: 10.4.17-MariaDB
-- Versión de PHP: 7.4.15

SET SQL_MODE = "NO_AUTO_VALUE_ON_ZERO";
START TRANSACTION;
SET time_zone = "+00:00";


/*!40101 SET @OLD_CHARACTER_SET_CLIENT=@@CHARACTER_SET_CLIENT */;
/*!40101 SET @OLD_CHARACTER_SET_RESULTS=@@CHARACTER_SET_RESULTS */;
/*!40101 SET @OLD_COLLATION_CONNECTION=@@COLLATION_CONNECTION */;
/*!40101 SET NAMES utf8mb4 */;

--
-- Base de datos: `bd_tienda`
--

-- --------------------------------------------------------

--
-- Estructura de tabla para la tabla `categorias`
--

CREATE TABLE `categorias` (
  `id` int(11) NOT NULL,
  `categoria` varchar(50) NOT NULL
) ENGINE=InnoDB DEFAULT CHARSET=utf8mb4;

--
-- Volcado de datos para la tabla `categorias`
--

INSERT INTO `categorias` (`id`, `categoria`) VALUES
(1, 'Electrodomesticos'),
(2, 'Equipos de computación'),
(3, 'Muebles'),
(4, 'Accesorios'),
(5, 'Televisores');

-- --------------------------------------------------------

--
-- Estructura de tabla para la tabla `marcas`
--

CREATE TABLE `marcas` (
  `id` int(11) NOT NULL,
  `marca` varchar(50) NOT NULL
) ENGINE=InnoDB DEFAULT CHARSET=utf8mb4;

--
-- Volcado de datos para la tabla `marcas`
--

INSERT INTO `marcas` (`id`, `marca`) VALUES
(1, 'HP'),
(2, 'Lenovo'),
(3, 'DELL'),
(4, 'ASUS'),
(5, 'SAMSUNG'),
(6, 'LG');

-- --------------------------------------------------------

--
-- Estructura de tabla para la tabla `productos`
--

CREATE TABLE `productos` (
  `id` int(11) NOT NULL,
  `fotografia` varchar(100) DEFAULT NULL,
  `producto` varchar(100) NOT NULL,
  `idcategoria` int(11) NOT NULL,
  `descripcion` text NOT NULL,
  `idmarca` int(11) NOT NULL,
  `precio` decimal(8,2) NOT NULL
) ENGINE=InnoDB DEFAULT CHARSET=utf8mb4;

--
-- Volcado de datos para la tabla `productos`
--

INSERT INTO `productos` (`id`, `fotografia`, `producto`, `idcategoria`, `descripcion`, `idmarca`, `precio`) VALUES
(1, '6089dbccb2670.jpg', 'computadora', 2, 'i7', 3, '33.00'),
(3, '6089dbdf73221.jpg2', 'portatil', 2, 'i3 ', 4, '45.00'),
(4, '60905a9e9343a.jpg', 'Magnam incididunt mo', 2, 'Reprehenderit nesci', 3, '68.00'),
(7, '60906235cad05.png', 'computadora moderna', 5, 'Adipisci id magna i', 3, '25.00'),
(9, '60905ac2987ef.png', 'Ad est perspiciatis', 5, 'Lorem pariatur Quis', 2, '54.00'),
(10, '6089d88851776.jpg', 'Aliquam reiciendis e', 5, 'Nulla velit blanditi', 1, '5.00');

-- --------------------------------------------------------

--
-- Estructura de tabla para la tabla `usuarios`
--

CREATE TABLE `usuarios` (
  `id` int(11) NOT NULL,
  `correoelectronico` varchar(100) NOT NULL,
  `password` varchar(50) NOT NULL,
  `nombre` varchar(150) NOT NULL,
  `nivel` tinyint(4) NOT NULL
) ENGINE=InnoDB DEFAULT CHARSET=utf8mb4;

--
-- Volcado de datos para la tabla `usuarios`
--

INSERT INTO `usuarios` (`id`, `correoelectronico`, `password`, `nombre`, `nivel`) VALUES
(1, 'admin@tienda.com', '40bd001563085fc35165329ea1ff5c5ecbdbbeef', 'Administrador', 1),
(2, 'carlos@tienda.com', '51eac6b471a284d3341d8c0c63d0f1a286262a18', 'Carlos ', 0);

--
-- Índices para tablas volcadas
--

--
-- Indices de la tabla `categorias`
--
ALTER TABLE `categorias`
  ADD PRIMARY KEY (`id`);

--
-- Indices de la tabla `marcas`
--
ALTER TABLE `marcas`
  ADD PRIMARY KEY (`id`);

--
-- Indices de la tabla `productos`
--
ALTER TABLE `productos`
  ADD PRIMARY KEY (`id`);

--
-- Indices de la tabla `usuarios`
--
ALTER TABLE `usuarios`
  ADD PRIMARY KEY (`id`);

--
-- AUTO_INCREMENT de las tablas volcadas
--

--
-- AUTO_INCREMENT de la tabla `categorias`
--
ALTER TABLE `categorias`
  MODIFY `id` int(11) NOT NULL AUTO_INCREMENT, AUTO_INCREMENT=6;

--
-- AUTO_INCREMENT de la tabla `marcas`
--
ALTER TABLE `marcas`
  MODIFY `id` int(11) NOT NULL AUTO_INCREMENT, AUTO_INCREMENT=7;

--
-- AUTO_INCREMENT de la tabla `productos`
--
ALTER TABLE `productos`
  MODIFY `id` int(11) NOT NULL AUTO_INCREMENT, AUTO_INCREMENT=11;

--
-- AUTO_INCREMENT de la tabla `usuarios`
--
ALTER TABLE `usuarios`
  MODIFY `id` int(11) NOT NULL AUTO_INCREMENT, AUTO_INCREMENT=3;
COMMIT;

/*!40101 SET CHARACTER_SET_CLIENT=@OLD_CHARACTER_SET_CLIENT */;
/*!40101 SET CHARACTER_SET_RESULTS=@OLD_CHARACTER_SET_RESULTS */;
/*!40101 SET COLLATION_CONNECTION=@OLD_COLLATION_CONNECTION */;
